{
  "IcoMoonType": "selection",
  "icons": [
    {
      "icon": {
        "paths": [
          "M956.006 563.2h-85.606v307.2c0 22.784-9.933 51.2-51.2 51.2h-204.8v-307.2h-204.8v307.2h-204.8c-41.267 0-51.2-28.416-51.2-51.2v-307.2h-85.606c-30.618 0-24.064-16.589-3.072-38.298l410.829-411.238c9.984-10.342 23.091-15.462 36.25-15.974 13.158 0.512 26.266 5.581 36.25 15.974l410.778 411.187c21.043 21.76 27.597 38.349-3.021 38.349z"
        ],
        "attrs": [],
        "isMulticolor": false,
        "isMulticolor2": false,
        "tags": [
          "home"
        ],
        "grid": 20
      },
      "attrs": [],
      "properties": {
        "id": 0,
        "order": 27,
        "prevSize": 20,
        "name": "home"
      },
      "setIdx": 0,
      "setId": 4,
      "iconIdx": 0
    },
    {
      "icon": {
        "paths": [
          "M716.8 102.4v870.4l-204.8-204.8-204.8 204.8v-870.4c0-28.314 29.952-52.224 51.2-51.2h307.2c35.277-1.024 51.2 22.886 51.2 51.2z"
        ],
        "attrs": [],
        "isMulticolor": false,
        "isMulticolor2": false,
        "tags": [
          "bookmark"
        ],
        "grid": 20
      },
      "attrs": [],
      "properties": {
        "id": 32,
        "order": 14,
        "prevSize": 20,
        "name": "bookmark"
      },
      "setIdx": 1,
      "setId": 3,
      "iconIdx": 31
    },
    {
      "icon": {
        "paths": [
          "M563.2 512l-160.819-175.104c-13.722-13.824-13.722-36.198 0-50.074 13.722-13.824 35.891-13.824 49.613 0l196.096 200.090c13.722 13.875 13.722 36.301 0 50.125l-196.096 200.090c-13.67 13.926-35.891 13.824-49.613 0-13.722-13.773-13.722-36.198 0-50.074l160.819-175.053z"
        ],
        "attrs": [],
        "isMulticolor": false,
        "isMulticolor2": false,
        "tags": [
          "chevron-small-right"
        ],
        "grid": 20
      },
      "attrs": [],
      "properties": {
        "id": 39,
        "order": 13,
        "prevSize": 20,
        "name": "chevron-small-right"
      },
      "setIdx": 1,
      "setId": 3,
      "iconIdx": 38
    },
    {
      "icon": {
        "paths": [
          "M867.789 382.566c-111.411 148.582-209.664 153.702-360.755 161.382h-5.171c-183.859-0.102-314.266-68.403-314.266-93.798-0.102-24.115 117.658-86.886 286.976-93.133l30.208-75.418c-0.973 0-1.894-0.102-2.918-0.102-251.29 0-398.899 79.974-398.899 156.211v102.4c0 47.002 29.798 458.189 388.198 458.189s409.6-411.187 409.6-458.189v-102.4c0-20.019-10.291-40.294-29.901-59.29l-3.072 4.147zM900.557 138.342c-22.579-16.896-54.733-12.39-71.629 10.291l-184.73 246.221 119.603-298.906c10.547-26.214-2.253-56.013-28.518-66.611-26.010-10.496-56.115 2.202-66.56 28.621l-166.861 416.87c147.558-7.526 218.982-11.622 310.63-133.683 91.597-122.214 98.253-131.123 98.253-131.123 16.998-22.579 12.442-54.682-10.189-71.68z"
        ],
        "attrs": [],
        "isMulticolor": false,
        "isMulticolor2": false,
        "tags": [
          "bowl"
        ],
        "grid": 20
      },
      "attrs": [],
      "properties": {
        "id": 114,
        "order": 16,
        "prevSize": 20,
        "name": "bowl"
      },
      "setIdx": 1,
      "setId": 3,
      "iconIdx": 113
    },
    {
      "icon": {
        "paths": [
          "M296.96 624.64v-317.44h-194.56c-56.32 0-102.4 46.080-102.4 102.4v307.2c0 56.32 46.080 102.4 102.4 102.4h51.2v153.6l153.6-153.6h256c56.32 0 102.4-46.080 102.4-102.4v-93.184c-3.277 0.717-6.758 1.075-10.24 1.075l-358.4-0.051zM921.6 51.2h-460.8c-56.32 0-102.4 46.080-102.4 102.4v409.6h358.4l153.6 153.6v-153.6h51.2c56.32 0 102.4-46.029 102.4-102.4v-307.2c0-56.32-46.080-102.4-102.4-102.4z"
        ],
        "attrs": [],
        "isMulticolor": false,
        "isMulticolor2": false,
        "tags": [
          "chat"
        ],
        "grid": 20
      },
      "attrs": [],
      "properties": {
        "id": 125,
        "order": 15,
        "prevSize": 20,
        "name": "chat"
      },
      "setIdx": 1,
      "setId": 3,
      "iconIdx": 124
    },
    {
      "icon": {
        "paths": [
          "M995.533 479.283c-45.158-252.211-146.125-326.605-199.834-326.605-83.814 0-105.318 62.31-283.699 64.41-178.381-2.099-199.885-64.41-283.699-64.41-53.709 0-154.726 74.394-199.885 326.605-25.754 143.974-53.709 358.912 12.902 384.717 82.893 32.102 111.002-48.179 202.035-116.019 92.416-68.762 136.755-84.941 268.646-84.941s176.23 16.179 268.646 84.941c91.034 67.789 119.142 148.122 202.035 116.019 66.611-25.805 38.656-240.691 12.851-384.717zM307.2 512c-56.576 0-102.4-45.875-102.4-102.4 0-56.576 45.824-102.4 102.4-102.4s102.4 45.824 102.4 102.4c0 56.525-45.875 102.4-102.4 102.4zM665.6 512c-28.314 0-51.2-22.886-51.2-51.2s22.886-51.2 51.2-51.2c28.314 0 51.2 22.886 51.2 51.2s-22.886 51.2-51.2 51.2zM768 409.6c-28.314 0-51.2-22.886-51.2-51.2s22.886-51.2 51.2-51.2c28.314 0 51.2 22.886 51.2 51.2s-22.886 51.2-51.2 51.2z"
        ],
        "attrs": [],
        "isMulticolor": false,
        "isMulticolor2": false,
        "tags": [
          "game-controller"
        ],
        "grid": 20
      },
      "attrs": [],
      "properties": {
        "id": 174,
        "order": 17,
        "prevSize": 20,
        "name": "game-controller"
      },
      "setIdx": 1,
      "setId": 3,
      "iconIdx": 173
    },
    {
      "icon": {
        "paths": [
          "M512 102.861c-141.414 0-256 114.125-256 255.488 0 244.429 256 563.2 256 563.2s256-318.822 256-563.2c0-141.312-114.586-255.488-256-255.488zM512 499.712c-76.39 0-138.24-61.901-138.24-138.24s61.85-138.24 138.24-138.24c76.288 0 138.189 61.901 138.189 138.24s-61.901 138.24-138.189 138.24z"
        ],
        "attrs": [],
        "isMulticolor": false,
        "isMulticolor2": false,
        "tags": [
          "location-pin"
        ],
        "grid": 20
      },
      "attrs": [],
      "properties": {
        "id": 210,
        "order": 25,
        "prevSize": 20,
        "name": "location-pin"
      },
      "setIdx": 1,
      "setId": 3,
      "iconIdx": 209
    },
    {
      "icon": {
        "paths": [
          "M898.304 791.91l-193.485-193.485c29.184-47.872 45.978-104.192 45.978-164.352 0-174.95-151.603-326.502-326.554-326.502-174.95-0.051-316.723 141.773-316.723 316.723 0 174.899 151.603 326.502 326.502 326.502 58.214 0 112.64-15.821 159.488-43.213l194.509 194.611c19.046 18.995 49.92 18.995 68.915 0l48.282-48.282c18.995-18.995 12.083-43.008-6.912-62.003zM205.005 424.294c0-121.139 98.15-219.29 219.238-219.29 121.139 0 229.069 107.878 229.069 229.069 0 121.088-98.202 219.29-219.29 219.29-121.139-0.051-229.018-107.981-229.018-229.069z"
        ],
        "attrs": [],
        "isMulticolor": false,
        "isMulticolor2": false,
        "tags": [
          "magnifying-glass"
        ],
        "grid": 20
      },
      "attrs": [],
      "properties": {
        "id": 218,
        "order": 26,
        "prevSize": 20,
        "name": "magnifying-glass"
      },
      "setIdx": 1,
      "setId": 3,
      "iconIdx": 217
    },
    {
      "icon": {
        "paths": [
          "M313.498 371.2l40.499-268.8h-210.637l-88.013 230.4c-2.714 8.192-4.147 16.691-4.147 25.6 0 56.525 58.88 102.4 131.635 102.4 67.072 0 122.522-39.117 130.662-89.6zM512 460.8c72.704 0 131.635-45.875 131.635-102.4 0-2.099-0.154-4.198-0.256-6.195l-26.061-249.805h-210.637l-26.112 249.6c-0.102 2.099-0.205 4.198-0.205 6.4 0 56.525 58.931 102.4 131.635 102.4zM768 514.355v202.445h-512v-202.138c-22.426 8.090-47.104 12.698-73.165 12.698-9.984 0-19.661-1.178-29.235-2.509v325.069c0 39.424 32.205 71.68 71.578 71.68h573.542c39.424 0 71.68-32.307 71.68-71.68v-325.018c-9.626 1.28-19.251 2.509-29.235 2.509-25.907-0.051-50.688-4.762-73.165-13.056zM968.704 332.8l-88.115-230.4h-210.586l40.448 268.39c7.885 50.688 63.334 90.010 130.714 90.010 72.704 0 131.635-45.875 131.635-102.4 0-8.909-1.434-17.408-4.096-25.6z"
        ],
        "attrs": [],
        "isMulticolor": false,
        "isMulticolor2": false,
        "tags": [
          "shop"
        ],
        "grid": 20
      },
      "attrs": [],
      "properties": {
        "id": 273,
        "order": 18,
        "prevSize": 20,
        "name": "shop"
      },
      "setIdx": 1,
      "setId": 3,
      "iconIdx": 272
    },
    {
      "icon": {
        "paths": [
          "M962.56 410.726h-328.346l-122.214-344.166-122.317 344.166h-328.294l267.878 202.086-95.795 354.765 278.528-212.685 278.426 212.685-95.693-354.765 267.827-202.086zM512 654.49l-154.317 128 63.642-182.374-145.971-117.76 180.326 5.171 56.32-206.848 56.269 206.848 180.275-5.171-145.971 117.76 63.642 182.374-154.214-128z"
        ],
        "attrs": [],
        "isMulticolor": false,
        "isMulticolor2": false,
        "tags": [
          "star-outlined"
        ],
        "grid": 20
      },
      "attrs": [],
      "properties": {
        "id": 285,
        "order": 23,
        "prevSize": 20,
        "name": "star-outlined"
      },
      "setIdx": 1,
      "setId": 3,
      "iconIdx": 284
    },
    {
      "icon": {
        "paths": [
          "M512 66.56l122.266 344.166h328.294l-267.878 202.138 95.795 354.714-278.477-212.685-278.426 212.685 95.744-354.714-267.93-202.138h328.294l122.317-344.166z"
        ],
        "attrs": [],
        "isMulticolor": false,
        "isMulticolor2": false,
        "tags": [
          "star"
        ],
        "grid": 20
      },
      "attrs": [],
      "properties": {
        "id": 286,
        "order": 24,
        "prevSize": 20,
        "name": "star"
      },
      "setIdx": 1,
      "setId": 3,
      "iconIdx": 285
    },
    {
      "icon": {
        "paths": [
          "M395.52 109.875c-52.019 38.707-65.997 99.994-63.437 132.608 3.277 39.885 11.366 91.802 11.366 91.802s-16.026 8.704-16.026 43.725c5.581 87.91 34.97 49.971 41.011 88.525 14.541 92.877 47.77 76.339 47.77 127.027 0 84.429-34.816 123.904-143.514 170.701-109.056 47.002-221.491 106.138-221.491 208.538v51.2h921.6v-51.2c0-102.4-112.486-161.536-221.594-208.486-108.698-46.797-143.411-86.221-143.411-170.701 0-50.688 33.126-34.15 47.718-127.027 6.093-38.554 35.43-0.614 41.114-88.525 0-35.021-16.077-43.725-16.077-43.725s8.090-51.917 11.315-91.802c3.328-41.83-20.378-131.123-117.76-158.515-17.050-17.408-28.57-45.107 23.859-72.909-114.688-5.376-141.363 54.63-202.445 98.765z"
        ],
        "attrs": [],
        "isMulticolor": false,
        "isMulticolor2": false,
        "tags": [
          "user"
        ],
        "grid": 20
      },
      "attrs": [],
      "properties": {
        "id": 311,
        "order": 28,
        "prevSize": 20,
        "name": "user"
      },
      "setIdx": 1,
      "setId": 3,
      "iconIdx": 310
    },
    {
      "icon": {
        "paths": [
          "M870.4 51.2h-716.8c-56.32 0-102.4 46.080-102.4 102.4v716.8c0 56.371 46.080 102.4 102.4 102.4h358.4v-358.4h-102.4v-126.72h102.4v-104.96c0-110.797 62.054-188.621 192.819-188.621l92.314 0.102v133.376h-61.286c-50.893 0-70.246 38.195-70.246 73.626v86.528h131.482l-29.082 126.669h-102.4v358.4h204.8c56.32 0 102.4-46.029 102.4-102.4v-716.8c0-56.32-46.080-102.4-102.4-102.4z"
        ],
        "attrs": [],
        "isMulticolor": false,
        "isMulticolor2": false,
        "tags": [
          "facebook"
        ],
        "grid": 20
      },
      "attrs": [],
      "properties": {
        "id": 360,
        "order": 22,
        "prevSize": 20,
        "name": "facebook"
      },
      "setIdx": 1,
      "setId": 3,
      "iconIdx": 359
    },
    {
      "icon": {
        "paths": [
          "M870.4 51.2h-716.8c-56.32 0-102.4 46.080-102.4 102.4v716.8c0 56.371 46.080 102.4 102.4 102.4h716.8c56.32 0 102.4-46.029 102.4-102.4v-716.8c0-56.32-46.080-102.4-102.4-102.4zM511.181 794.778c156.621 0 283.546-127.027 283.546-283.597 0-17.306-2.202-33.997-5.274-50.381h80.947v369.459c0 19.558-15.872 35.328-35.482 35.328h-645.837c-19.61-0-35.482-15.77-35.482-35.328v-369.459h79.309c-3.123 16.384-5.325 33.075-5.325 50.381 0 156.621 127.027 283.597 283.597 283.597zM333.978 511.181c0-97.894 79.36-177.203 177.254-177.203 97.843 0 177.254 79.309 177.254 177.203s-79.411 177.254-177.254 177.254c-97.946 0-177.254-79.36-177.254-177.254zM834.918 307.2h-82.688c-19.558 0-35.43-15.974-35.43-35.43v-82.79c0-19.558 15.872-35.379 35.379-35.379h82.688c19.661 0 35.533 15.821 35.533 35.379v82.739c0 19.507-15.872 35.482-35.482 35.482z"
        ],
        "attrs": [],
        "isMulticolor": false,
        "isMulticolor2": false,
        "tags": [
          "instagram"
        ],
        "grid": 20
      },
      "attrs": [],
      "properties": {
        "id": 368,
        "order": 21,
        "prevSize": 20,
        "name": "instagram"
      },
      "setIdx": 1,
      "setId": 3,
      "iconIdx": 367
    },
    {
      "icon": {
        "paths": [
          "M886.579 319.795c0.41 8.294 0.563 16.691 0.563 24.986 0 255.488-194.406 549.99-549.888 549.99-109.21 0-210.739-32-296.294-86.886 15.155 1.792 30.515 2.714 46.080 2.714 90.624 0 173.926-30.925 240.026-82.688-84.531-1.587-155.955-57.395-180.531-134.195 11.776 2.202 23.91 3.379 36.352 3.379 17.664 0 34.765-2.304 50.944-6.707-88.422-17.818-155.034-95.898-155.034-189.594 0-0.819 0-1.587 0-2.406 26.061 14.49 55.91 23.194 87.552 24.218-51.866-34.714-86.016-93.798-86.016-160.922 0-35.379 9.523-68.608 26.214-97.178 95.283 116.992 237.773 193.894 398.387 201.984-3.277-14.182-4.966-28.877-4.966-44.083 0-106.701 86.477-193.178 193.229-193.178 55.603 0 105.83 23.398 141.107 60.979 43.981-8.704 85.35-24.781 122.726-46.899-14.438 45.107-45.107 82.995-84.992 106.906 39.117-4.71 76.288-15.002 111.002-30.413-25.907 38.81-58.675 72.806-96.461 99.994z"
        ],
        "attrs": [],
        "isMulticolor": false,
        "isMulticolor2": false,
        "tags": [
          "twitter"
        ],
        "grid": 20
      },
      "attrs": [],
      "properties": {
        "id": 381,
        "order": 20,
        "prevSize": 20,
        "name": "twitter"
      },
      "setIdx": 1,
      "setId": 3,
      "iconIdx": 380
    }
  ],
  "height": 1024,
  "preferences": {
    "showGlyphs": true,
    "showQuickUse": true,
    "showQuickUse2": true,
    "showSVGs": true,
    "fontPref": {
      "prefix": "icon-",
      "metadata": {
        "fontFamily": "icomoon"
      },
      "metrics": {
        "emSize": 1024,
        "baseline": 6.25,
        "whitespace": 50
      },
      "embed": false
    },
    "imagePref": {
      "prefix": "icon-",
      "png": true,
      "useClassSelector": true,
      "color": 0,
      "bgColor": 16777215,
      "classSelector": ".icon",
      "name": "icomoon"
    },
    "historySize": 50,
    "showCodes": true,
    "gridSize": 16
  }
}